metric,mean_improvement,std_improvement,positive_seeds,total_seeds,wilcoxon_p_seed42,wilcoxon_p_seed7,wilcoxon_p_seed123,bootstrap_ci95_low,bootstrap_ci95_high,bootstrap_p_two_sided
dice,0.1426820334200077,0.1302613976776046,3,3,0.5,0.5,0.5,0.01441572145096881,0.31926752273202746,0.0
boundary_dice,0.12016123168734998,0.0995463843196059,3,3,0.5,0.5,0.5,0.02233600326913876,0.25761934599454805,0.0
aji,0.06899704548423684,0.04097657988660779,3,3,0.5,0.5,1.0,0.016208434049278714,0.12813596899439264,0.02
pq,0.050439484659351864,0.020857882250819124,3,3,0.5,0.5,1.0,0.018418583518796328,0.0853662363999878,0.0002
confounder_fpr,-0.09534435877027843,0.10746037170371861,1,3,0.5,0.5,0.5,-0.22598671607014553,0.02398753860513712,0.094
