{
    "eval_dirs":  [
                      "cryonuseg_holdout622_test_eval_seed42",
                      "cryonuseg_holdout622_test_eval_seed7",
                      "cryonuseg_holdout622_test_eval_seed123"
                  ],
    "n_seeds":  3,
    "runs":  [
                 {
                     "split_images":  "cryonuseg_holdout622_test_split_full",
                     "split_metadata":  "metadata.csv",
                     "baseline_checkpoint":  "cryonuseg_holdout622_fullsup_unet_seed42/best_boundary_model.pt",
                     "sfrm_checkpoint":  "cryonuseg_holdout622_sfrm_unet_learned_failure_head_freeze8_seed42/best_boundary_model.pt",
                     "variant":  "learned_failure_head",
                     "base_channels":  24,
                     "boundary_radius":  2,
                     "uncertainty_quantile":  0.85,
                     "n_samples":  6,
                     "n_sources":  2,
                     "baseline_dice":  0.7583269957283537,
                     "coarse_dice":  0.7583269957283537,
                     "refined_dice":  0.770139270452539,
                     "delta_dice":  0.01181227472418537,
                     "baseline_boundary_dice":  0.617064383559833,
                     "coarse_boundary_dice":  0.617064383559833,
                     "refined_boundary_dice":  0.6465399215370975,
                     "delta_boundary_dice":  0.029475537977264526,
                     "baseline_aji":  0.2833110244137661,
                     "coarse_aji":  0.2833110244137661,
                     "refined_aji":  0.32607545153247613,
                     "delta_aji":  0.04276442711870998,
                     "baseline_pq":  0.1694502781647663,
                     "coarse_pq":  0.1694502781647663,
                     "refined_pq":  0.20123196292859793,
                     "delta_pq":  0.03178168476383167,
                     "baseline_high_risk_error":  0.0,
                     "coarse_high_risk_error":  0.0,
                     "refined_high_risk_error":  0.0,
                     "delta_high_risk_error":  0.0,
                     "baseline_low_risk_error":  0.12501398722330728,
                     "coarse_low_risk_error":  0.12501398722330728,
                     "refined_low_risk_error":  0.12094370524088542,
                     "delta_low_risk_error":  -0.004070281982421875,
                     "baseline_confounder_fpr":  0.4708412183024285,
                     "coarse_confounder_fpr":  0.4708412183024285,
                     "refined_confounder_fpr":  0.44571048601116187,
                     "delta_confounder_fpr":  -0.025130732291266732,
                     "mean_primary_risk":  0.385350505510966,
                     "high_risk_frac":  0.0
                 },
                 {
                     "split_images":  "cryonuseg_holdout622_test_split_full",
                     "split_metadata":  "metadata.csv",
                     "baseline_checkpoint":  "cryonuseg_holdout622_fullsup_unet_seed7/best_boundary_model.pt",
                     "sfrm_checkpoint":  "cryonuseg_holdout622_sfrm_unet_learned_failure_head_freeze8_seed7/best_boundary_model.pt",
                     "variant":  "learned_failure_head",
                     "base_channels":  24,
                     "boundary_radius":  2,
                     "uncertainty_quantile":  0.85,
                     "n_samples":  6,
                     "n_sources":  2,
                     "baseline_dice":  0.4172640100770673,
                     "coarse_dice":  0.4172640100770673,
                     "refined_dice":  0.7376612741160679,
                     "delta_dice":  0.3203972640390005,
                     "baseline_boundary_dice":  0.3470812445565403,
                     "coarse_boundary_dice":  0.3470812445565403,
                     "refined_boundary_dice":  0.6058392917217238,
                     "delta_boundary_dice":  0.2587580471651835,
                     "baseline_aji":  0.17075936738836417,
                     "coarse_aji":  0.17075936738836417,
                     "refined_aji":  0.2976221069569672,
                     "delta_aji":  0.12686273956860308,
                     "baseline_pq":  0.0960616019372343,
                     "coarse_pq":  0.0960616019372343,
                     "refined_pq":  0.17561613713706134,
                     "delta_pq":  0.07955453519982701,
                     "baseline_high_risk_error":  0.0,
                     "coarse_high_risk_error":  0.0,
                     "refined_high_risk_error":  0.0,
                     "delta_high_risk_error":  0.0,
                     "baseline_low_risk_error":  0.1872584025065104,
                     "coarse_low_risk_error":  0.1872584025065104,
                     "refined_low_risk_error":  0.13782882690429688,
                     "delta_low_risk_error":  -0.04942957560221354,
                     "baseline_confounder_fpr":  0.20126962391737194,
                     "coarse_confounder_fpr":  0.20126962391737194,
                     "refined_confounder_fpr":  0.43707566146607085,
                     "delta_confounder_fpr":  0.2358060375486989,
                     "mean_primary_risk":  0.4531043767929077,
                     "high_risk_frac":  0.0
                 },
                 {
                     "split_images":  "cryonuseg_holdout622_test_split_full",
                     "split_metadata":  "metadata.csv",
                     "baseline_checkpoint":  "cryonuseg_holdout622_fullsup_unet_seed123/best_boundary_model.pt",
                     "sfrm_checkpoint":  "cryonuseg_holdout622_sfrm_unet_learned_failure_head_freeze8_seed123/best_boundary_model.pt",
                     "variant":  "learned_failure_head",
                     "base_channels":  24,
                     "boundary_radius":  2,
                     "uncertainty_quantile":  0.85,
                     "n_samples":  6,
                     "n_sources":  2,
                     "baseline_dice":  0.6713191098110288,
                     "coarse_dice":  0.6713191098110288,
                     "refined_dice":  0.767155671307866,
                     "delta_dice":  0.09583656149683724,
                     "baseline_boundary_dice":  0.5639283332502248,
                     "coarse_boundary_dice":  0.5639283332502248,
                     "refined_boundary_dice":  0.6361784431698269,
                     "delta_boundary_dice":  0.072250109919602,
                     "baseline_aji":  0.2852710873763891,
                     "coarse_aji":  0.2852710873763891,
                     "refined_aji":  0.3226350571417866,
                     "delta_aji":  0.037363969765397465,
                     "baseline_pq":  0.15663648414879033,
                     "coarse_pq":  0.15663648414879033,
                     "refined_pq":  0.1966187181631873,
                     "delta_pq":  0.03998223401439697,
                     "baseline_high_risk_error":  0.0,
                     "coarse_high_risk_error":  0.0,
                     "refined_high_risk_error":  0.0,
                     "delta_high_risk_error":  0.0,
                     "baseline_low_risk_error":  0.16538429260253906,
                     "coarse_low_risk_error":  0.16538429260253906,
                     "refined_low_risk_error":  0.13177490234375,
                     "delta_low_risk_error":  -0.03360939025878906,
                     "baseline_confounder_fpr":  0.3802182220145902,
                     "coarse_confounder_fpr":  0.3802182220145902,
                     "refined_confounder_fpr":  0.4555759930679934,
                     "delta_confounder_fpr":  0.07535777105340319,
                     "mean_primary_risk":  0.42637939751148224,
                     "high_risk_frac":  0.0
                 }
             ],
    "paired_statistics":  [
                              {
                                  "metric":  "dice",
                                  "mean_improvement":  0.1426820334200077,