run,seed,n_samples,n_sources,baseline_dice,refined_dice,delta_dice,baseline_boundary_dice,refined_boundary_dice,delta_boundary_dice,baseline_aji,refined_aji,delta_aji,baseline_pq,refined_pq,delta_pq,baseline_confounder_fpr,refined_confounder_fpr,delta_confounder_fpr
cryonuseg_holdout622_test_eval_seed7,7,6,2,0.4172640100770673,0.7376612741160679,0.3203972640390005,0.3470812445565403,0.6058392917217238,0.2587580471651835,0.17075936738836417,0.2976221069569672,0.12686273956860308,0.0960616019372343,0.17561613713706134,0.07955453519982701,0.20126962391737194,0.43707566146607085,0.2358060375486989
cryonuseg_holdout622_test_eval_seed42,42,6,2,0.7583269957283537,0.770139270452539,0.01181227472418537,0.617064383559833,0.6465399215370975,0.029475537977264526,0.2833110244137661,0.32607545153247613,0.04276442711870998,0.1694502781647663,0.20123196292859793,0.03178168476383167,0.4708412183024285,0.44571048601116187,-0.025130732291266732
cryonuseg_holdout622_test_eval_seed123,123,6,2,0.6713191098110288,0.767155671307866,0.09583656149683724,0.5639283332502248,0.6361784431698269,0.072250109919602,0.2852710873763891,0.3226350571417866,0.037363969765397465,0.15663648414879033,0.1966187181631873,0.03998223401439697,0.3802182220145902,0.4555759930679934,0.07535777105340319
