epoch,train_loss,dice,boundary_dice,aji,pq,confounder_fpr
1,1.6177223920822144,2.8915986344007287e-12,2.7970880941511964e-12,0.0,0.0,0.0
2,1.310978439119127,2.8915986344007287e-12,2.7970880941511964e-12,0.0,0.0,0.0
3,1.2415826320648193,2.8915986344007287e-12,2.7970880941511964e-12,0.0,0.0,0.0
4,1.2213474644554987,2.8915986344007287e-12,2.7970880941511964e-12,0.0,0.0,0.0
5,1.1522730191548665,2.8915986344007287e-12,2.7970880941511964e-12,0.0,0.0,0.0
6,1.1381942166222467,2.8915986344007287e-12,2.7970880941511964e-12,0.0,0.0,0.0
7,1.1011504067314997,0.010502182045472158,0.011890419127918753,0.005205034811741009,0.001525537596044248,0.0016320001456308927
8,1.1084873411390517,0.32370043927723374,0.29289730047646007,0.16790919057888917,0.0981048317808711,0.10547058619958288
