epoch,train_loss,dice,boundary_dice,aji,pq,confounder_fpr
1,1.6589410305023193,4.568528053393388e-06,1.3172889989135633e-05,2.284309761540904e-06,0.0,0.0
2,1.3575050671895346,2.4536742783106014e-12,2.4263825043800965e-12,0.0,0.0,0.0
3,1.2827012062072753,2.4536742783106014e-12,2.4263825043800965e-12,0.0,0.0,0.0
4,1.212690035502116,2.4536742783106014e-12,2.4263825043800965e-12,0.0,0.0,0.0
5,1.1602141857147217,2.4536742783106014e-12,2.4263825043800965e-12,0.0,0.0,0.0
6,1.1564152399698893,2.4536742783106014e-12,2.4263825043800965e-12,0.0,0.0,0.0
7,1.1244137605031332,0.006957555114146873,0.005680907181145731,0.0035048290997462548,0.0004789272030651341,0.0009604018912529552
8,1.0883185386657714,0.0777049967124612,0.06758150013894848,0.0420557191809313,0.018962823575560412,0.024306966077387932
