epoch,train_loss,dice,boundary_dice,aji,pq,confounder_fpr
1,1.6405128161112468,0.436195796024431,0.3985028649332507,0.1902644625477218,0.05255302306205362,0.17485292022372023
2,1.4215081373850504,0.11845193773746944,0.09661575393577976,0.05152427248034533,0.012405625500699381,0.026701790103974873
3,1.3334771156311036,0.00700362631491457,0.009764507277874932,0.003344333077881312,0.0,0.001755645062203442
4,1.2937822500864664,0.0013528510623915843,0.0021496460226572193,0.0006627250849083493,0.0,0.0001229782909531223
5,1.245416792233785,0.004399689301285234,0.009934174391357705,0.0020273953504163743,0.0,0.0008992032764875451
6,1.205306839942932,0.02881286461097719,0.05333520684168138,0.01354587430460303,0.004001411869400932,0.00627270773894875
7,1.176143741607666,0.09652455868055637,0.13296047431403696,0.049360173656033755,0.02259066501976555,0.027404173098515835
8,1.1499569813410442,0.19649139251701306,0.23145744452826522,0.10401784508166373,0.06493661810866369,0.06486386203212428
