epoch,train_loss,dice,boundary_dice,aji,pq,confounder_fpr
1,1.6070627636379666,0.029348572802986875,0.037483071088785465,0.01346028751005862,0.0012754179592067408,0.00518847964013149
2,1.3274299171235826,0.12273365158506484,0.0893969049120461,0.05921002900109391,0.020631736786079637,0.029755078200782867
3,1.2629617585076227,0.37645592415754603,0.2861597880224998,0.1988649854143766,0.09550394256954643,0.11471038234770488
4,1.2023389339447021,0.39107070894603474,0.308265862805428,0.20912849337482795,0.11204375134067544,0.12282130003466997
5,1.1959106392330594,0.4961326556752203,0.3942985135011012,0.27047168744995087,0.14475057387911128,0.1655083092622158
6,1.1831525431738958,0.6356085203523336,0.5494923809252715,0.3550381460714887,0.20788641794875662,0.23990021861209684
7,1.122682359483507,0.7237996270736358,0.6062191171135751,0.37681210304180873,0.23434821498182587,0.33660509331491495
8,1.1137726969189115,0.746085096580213,0.615045354335947,0.36735349769560127,0.22474867204875873,0.4194664367893321
