epoch,train_loss,dice,boundary_dice,aji,pq,confounder_fpr
1,1.6651172081629435,0.38393167000367995,0.15180862175021198,0.0066102696531580825,0.004166543104117675,0.8867143925584623
2,1.3582226117451985,0.18558177705663698,0.13632411146551693,0.09353440097942786,0.038935514753354744,0.04415003056072289
3,1.2848923683166504,0.1769357187652624,0.11968791350168662,0.0870910837739995,0.03559772253460542,0.043893783523602486
4,1.2421479145685832,0.5031071578875116,0.39339318708465254,0.2591450163116132,0.14140822635080277,0.17823074837465078
5,1.2131677548090616,0.6952049167108298,0.5603465359719012,0.3210462660084414,0.19777147469362344,0.3739945743313729
6,1.1893820603688559,0.6950731380688954,0.559653280210433,0.3191666063669258,0.19422283265716342,0.3725307009411386
7,1.1278006315231324,0.6867326237333857,0.5566042666796698,0.3532632407669904,0.21049901619095143,0.307991918649529
8,1.122265617052714,0.7078741639779002,0.5875764633086357,0.376966852425945,0.22618413956888872,0.3153008069328976
