epoch,train_loss,dice,boundary_dice,aji,pq,confounder_fpr
1,1.618692609998915,0.013628432723802564,0.024806344243092124,0.0024742044346297135,0.0,0.003893470945007393
2,1.3978682888878717,0.008048864926315962,0.017900270354765675,0.003893573202908698,0.0,0.0016761786856581218
3,1.3051099909676447,0.0017984324721029455,0.002837140458119359,0.0008810012187222097,0.0,0.000405829013000275
4,1.252509593963623,0.00019631278183439378,0.0007393043053511064,9.817286571794112e-05,0.0,0.0
5,1.2232141229841444,0.02203936561154876,0.04137975975992473,0.010439312542966095,0.008287901825796926,0.0037696153653667195
6,1.1975327730178833,0.13568501529335034,0.17147217790588998,0.0699664643179576,0.062362723155590556,0.04531551500610246
7,1.1311709483464558,0.3515812322991588,0.355663855790424,0.18754432909099883,0.12534927620712205,0.12775821060940082
8,1.1512263351016574,0.6598047512599223,0.598527877010103,0.36525592579503635,0.20869900316076975,0.26811926696819777
