{
    "eval_dirs":  [
                      "cryonuseg_holdout_test_eval_seed42",
                      "cryonuseg_holdout_test_eval_seed7",
                      "cryonuseg_holdout_test_eval_seed123"
                  ],
    "n_seeds":  3,
    "runs":  [
                 {
                     "split_images":  "cryonuseg_holdout_test_split_full",
                     "split_metadata":  "metadata.csv",
                     "baseline_checkpoint":  "cryonuseg_holdout_fullsup_unet_seed42/best_boundary_model.pt",
                     "sfrm_checkpoint":  "cryonuseg_holdout_sfrm_unet_learned_failure_head_freeze8_seed42/best_boundary_model.pt",
                     "variant":  "learned_failure_head",
                     "base_channels":  24,
                     "boundary_radius":  2,
                     "uncertainty_quantile":  0.85,
                     "n_samples":  6,
                     "n_sources":  2,
                     "baseline_dice":  0.7329465158933551,
                     "coarse_dice":  0.7329465158933551,
                     "refined_dice":  0.7899772443804,
                     "delta_dice":  0.05703072848704475,
                     "baseline_boundary_dice":  0.5947566491049269,
                     "coarse_boundary_dice":  0.5947566491049269,
                     "refined_boundary_dice":  0.6521249564129784,
                     "delta_boundary_dice":  0.05736830730805159,
                     "baseline_aji":  0.3712355953015543,
                     "coarse_aji":  0.3712355953015543,
                     "refined_aji":  0.35690859512011647,
                     "delta_aji":  -0.014327000181437862,
                     "baseline_pq":  0.22262475871890838,
                     "coarse_pq":  0.22262475871890838,
                     "refined_pq":  0.2298046105893098,
                     "delta_pq":  0.0071798518704014,
                     "baseline_high_risk_error":  0.0,
                     "coarse_high_risk_error":  0.0,
                     "refined_high_risk_error":  0.0,
                     "delta_high_risk_error":  0.0,
                     "baseline_low_risk_error":  0.09386062622070312,
                     "coarse_low_risk_error":  0.09386062622070312,
                     "refined_low_risk_error":  0.09372011820475261,
                     "delta_low_risk_error":  -0.00014050801595052084,
                     "baseline_confounder_fpr":  0.32423046426613505,
                     "coarse_confounder_fpr":  0.32423046426613505,
                     "refined_confounder_fpr":  0.4672197598854883,
                     "delta_confounder_fpr":  0.14298929561935322,
                     "mean_primary_risk":  0.43314530452092487,
                     "high_risk_frac":  0.0
                 },
                 {
                     "split_images":  "cryonuseg_holdout_test_split_full",
                     "split_metadata":  "metadata.csv",
                     "baseline_checkpoint":  "cryonuseg_holdout_fullsup_unet_seed7/best_boundary_model.pt",
                     "sfrm_checkpoint":  "cryonuseg_holdout_sfrm_unet_learned_failure_head_freeze8_seed7/best_boundary_model.pt",
                     "variant":  "learned_failure_head",
                     "base_channels":  24,
                     "boundary_radius":  2,
                     "uncertainty_quantile":  0.85,
                     "n_samples":  6,
                     "n_sources":  2,
                     "baseline_dice":  0.039425969977731574,
                     "coarse_dice":  0.039425969977731574,
                     "refined_dice":  0.7568069637993095,
                     "delta_dice":  0.7173809938215779,
                     "baseline_boundary_dice":  0.049726999769041984,
                     "coarse_boundary_dice":  0.049726999769041984,
                     "refined_boundary_dice":  0.6353443799711466,
                     "delta_boundary_dice":  0.5856173802021044,
                     "baseline_aji":  0.01872483072771113,
                     "coarse_aji":  0.01872483072771113,
                     "refined_aji":  0.3884539041450677,
                     "delta_aji":  0.3697290734173566,
                     "baseline_pq":  0.0026859803276698007,
                     "coarse_pq":  0.0026859803276698007,
                     "refined_pq":  0.24633161201784193,
                     "delta_pq":  0.24364563169017214,
                     "baseline_high_risk_error":  0.0019261208869854826,
                     "coarse_high_risk_error":  0.0019261208869854826,
                     "refined_high_risk_error":  0.0011736754392804416,
                     "delta_high_risk_error":  -0.0007524454477050414,
                     "baseline_low_risk_error":  0.2090057255740491,
                     "coarse_low_risk_error":  0.2090057255740491,
                     "refined_low_risk_error":  0.09074311751665846,
                     "delta_low_risk_error":  -0.11826260805739064,
                     "baseline_confounder_fpr":  0.012677694370600298,
                     "coarse_confounder_fpr":  0.012677694370600298,
                     "refined_confounder_fpr":  0.3449753761153142,
                     "delta_confounder_fpr":  0.33229768174471397,
                     "mean_primary_risk":  0.44700751701990765,
                     "high_risk_frac":  0.0011806488037109375
                 },
                 {
                     "split_images":  "cryonuseg_holdout_test_split_full",
                     "split_metadata":  "metadata.csv",
                     "baseline_checkpoint":  "cryonuseg_holdout_fullsup_unet_seed123/best_boundary_model.pt",
                     "sfrm_checkpoint":  "cryonuseg_holdout_sfrm_unet_learned_failure_head_freeze8_seed123/best_boundary_model.pt",
                     "variant":  "learned_failure_head",
                     "base_channels":  24,
                     "boundary_radius":  2,
                     "uncertainty_quantile":  0.85,
                     "n_samples":  6,
                     "n_sources":  2,
                     "baseline_dice":  0.4421690270250304,
                     "coarse_dice":  0.4421690270250304,
                     "refined_dice":  0.6634109468738107,
                     "delta_dice":  0.22124191984878047,
                     "baseline_boundary_dice":  0.43152143563563866,
                     "coarse_boundary_dice":  0.43152143563563866,
                     "refined_boundary_dice":  0.5024471035527442,
                     "delta_boundary_dice":  0.07092566791710571,
                     "baseline_aji":  0.16717027330343037,
                     "coarse_aji":  0.16717027330343037,
                     "refined_aji":  0.2745289579600059,
                     "delta_aji":  0.10735868465657561,
                     "baseline_pq":  0.03813214718568273,
                     "coarse_pq":  0.03813214718568273,
                     "refined_pq":  0.13547962585746162,
                     "delta_pq":  0.0973474786717789,
                     "baseline_high_risk_error":  0.0,
                     "coarse_high_risk_error":  0.0,
                     "refined_high_risk_error":  0.0,
                     "delta_high_risk_error":  0.0,
                     "baseline_low_risk_error":  0.1663691202799479,
                     "coarse_low_risk_error":  0.1663691202799479,
                     "refined_low_risk_error":  0.11681429545084636,
                     "delta_low_risk_error":  -0.04955482482910156,
                     "baseline_confounder_fpr":  0.20822485119800124,
                     "coarse_confounder_fpr":  0.20822485119800124,
                     "refined_confounder_fpr":  0.3547549281543862,
                     "delta_confounder_fpr":  0.14653007695638498,
                     "mean_primary_risk":  0.4949842343727748,
                     "high_risk_frac":  0.0
                 }
             ],
    "paired_statistics":  [
                              {
                                  "metric":  "dice",