metric,mean_improvement,std_improvement,positive_seeds,total_seeds,wilcoxon_p_seed42,wilcoxon_p_seed7,wilcoxon_p_seed123,bootstrap_ci95_low,bootstrap_ci95_high,bootstrap_p_two_sided
dice,0.33188454738580103,0.2807097688634638,3,3,0.5,0.5,0.5,0.0671746154409331,0.7074582816395442,0.0
boundary_dice,0.23797045180908727,0.24588580089477272,3,3,0.5,0.5,0.5,0.04734446344446914,0.5793452328492777,0.0
aji,0.15425358596416477,0.16025836586278847,2,3,1.0,0.5,0.5,-0.007532145025824721,0.3577905619401472,0.0738
pq,0.11605765407745082,0.09743910664008346,3,3,1.0,0.5,0.5,0.01688307600071909,0.2331883273153188,0.0262
confounder_fpr,-0.2072723514401507,0.08841807581576296,0,3,0.5,0.5,0.5,-0.32885504846416286,-0.12084112749026739,0.0
