run,seed,n_samples,n_sources,baseline_dice,refined_dice,delta_dice,baseline_boundary_dice,refined_boundary_dice,delta_boundary_dice,baseline_aji,refined_aji,delta_aji,baseline_pq,refined_pq,delta_pq,baseline_confounder_fpr,refined_confounder_fpr,delta_confounder_fpr
cryonuseg_holdout_test_eval_seed7,7,6,2,0.039425969977731574,0.7568069637993095,0.7173809938215779,0.049726999769041984,0.6353443799711466,0.5856173802021044,0.01872483072771113,0.3884539041450677,0.3697290734173566,0.0026859803276698007,0.24633161201784193,0.24364563169017214,0.012677694370600298,0.3449753761153142,0.33229768174471397
cryonuseg_holdout_test_eval_seed42,42,6,2,0.7329465158933551,0.7899772443804,0.05703072848704475,0.5947566491049269,0.6521249564129784,0.05736830730805159,0.3712355953015543,0.35690859512011647,-0.014327000181437862,0.22262475871890838,0.2298046105893098,0.0071798518704014,0.32423046426613505,0.4672197598854883,0.14298929561935322
cryonuseg_holdout_test_eval_seed123,123,6,2,0.4421690270250304,0.6634109468738107,0.22124191984878047,0.43152143563563866,0.5024471035527442,0.07092566791710571,0.16717027330343037,0.2745289579600059,0.10735868465657561,0.03813214718568273,0.13547962585746162,0.0973474786717789,0.20822485119800124,0.3547549281543862,0.14653007695638498
