{
  "device": "cuda",
  "input_shape": [
    1,
    3,
    512,
    512
  ],
  "baseline": {
    "parameters": 1096609,
    "flops": 47915728896,
    "inference_ms": 4.933149999706075
  },
  "boundary_sfrm_unet": {
    "parameters": 1548780,
    "flops": 82102714368,
    "inference_ms": 9.728630000026897
  }
}